GAIN_LOSS,SECURITY,CLOSE_PRIC,PREV_CL_PR,PERCENT_CG
 ,Nifty 50 Sec., , , 
 , , , , 
G,MARUTI SUZUKI INDIA LTD.,      7739.10,      7206.50,7.39
G,OIL AND NATURAL GAS CORP.,        88.70,        84.85,4.54
G,HINDALCO  INDUSTRIES  LTD,       242.00,       231.85,4.38
G,ASIAN PAINTS LIMITED,      2411.40,      2315.85,4.13
G,NTPC LTD,        98.55,        94.80,3.96
G,STATE BANK OF INDIA,       256.30,       246.95,3.79
G,BAJAJ FINSERV LTD.,      9114.05,      8802.20,3.54
G,UPL LIMITED,       454.75,       441.95,2.9
G,COAL INDIA LTD,       133.45,       129.75,2.85
G,TATA STEEL LIMITED,       620.90,       604.35,2.74
G,BHARAT PETROLEUM CORP  LT,       393.90,       384.50,2.44
G,HCL TECHNOLOGIES LTD,       862.20,       843.15,2.26
G,TITAN COMPANY LIMITED,      1418.50,      1389.00,2.12
G,HDFC LIFE INS CO LTD,       647.95,       636.50,1.8
G,INDIAN OIL CORP LTD,        89.90,        88.40,1.7
G,DR. REDDY'S LABORATORIES,      4923.05,      4850.25,1.5
G,DIVI'S LABORATORIES LTD,      3692.35,      3639.55,1.45
G,GAIL (INDIA) LTD,       118.25,       116.70,1.33
G,NESTLE INDIA LIMITED,     17492.15,     17266.45,1.31
G,SHREE CEMENT LIMITED,     24905.15,     24635.70,1.09
G,BRITANNIA INDUSTRIES LTD,      3635.95,      3597.00,1.08
G,LARSEN & TOUBRO LTD.,      1125.15,      1113.75,1.02
G,BAJAJ FINANCE LIMITED,      4867.45,      4823.90,.9
G,TECH MAHINDRA LIMITED,       915.15,       908.70,.71
G,TATA MOTORS LIMITED,       184.85,       183.60,.68
G,EICHER MOTORS LTD,      2549.50,      2532.50,.67
G,JSW STEEL LIMITED,       370.85,       368.40,.67
G,SUN PHARMACEUTICAL IND L,       548.25,       544.65,.66
G,CIPLA LTD,       762.15,       758.35,.5
G,HERO MOTOCORP LIMITED,      3139.85,      3126.20,.44
 , , , , 
L,HDFC BANK LTD,      1377.20,      1406.95,-2.11
L,SBI LIFE INSURANCE CO LTD,       858.15,       875.55,-1.99
L,TATA CONSULTANCY SERV LT,      2709.45,      2749.55,-1.46
L,BAJAJ AUTO LIMITED,      3294.40,      3338.15,-1.31
L,INFOSYS LIMITED,      1126.45,      1140.90,-1.27
L,BHARTI AIRTEL LIMITED,       479.90,       484.90,-1.03
L,MAHINDRA & MAHINDRA LTD,       745.85,       753.60,-1.03
L,HDFC LTD,      2253.95,      2276.35,-0.98
L,AXIS BANK LIMITED,       602.70,       608.10,-0.89
L,ULTRATECH CEMENT LIMITED,      4893.50,      4933.10,-0.8
L,GRASIM INDUSTRIES LTD,       910.05,       915.50,-0.6
L,ADANI PORT & SEZ LTD,       435.80,       438.20,-0.55
L,HINDUSTAN UNILEVER LTD.,      2127.75,      2139.30,-0.54
L,POWER GRID CORP. LTD.,       193.45,       194.15,-0.36
L,INDUSIND BANK LIMITED,       896.25,       897.30,-0.12
 , , , , 
 ,Nifty Next 50 Sec., , , 
 , , , , 
G,BANK OF BARODA,        58.30,        54.10,7.76
G,BHARTI INFRATEL LTD.,       239.55,       224.80,6.56
G,PUNJAB NATIONAL BANK,        35.80,        33.95,5.45
G,SBI CARDS & PAY SER LTD,       838.65,       796.95,5.23
G,PIRAMAL ENTERPRISES LTD,      1492.65,      1422.25,4.95
G,POWER FIN CORP LTD.,       114.45,       109.70,4.33
G,P&G HYGIENE & HEALTH CARE,     10949.10,     10560.10,3.68
G,INTERGLOBE AVIATION LTD,      1644.05,      1593.10,3.2
G,MARICO LIMITED,       389.65,       378.65,2.91
G,CADILA HEALTHCARE LIMITED,       462.95,       450.80,2.7
G,HINDUSTAN PETROLEUM CORP,       220.25,       214.70,2.59
G,HINDUSTAN ZINC LIMITED,       238.10,       232.25,2.52
G,NMDC LTD.,       105.75,       103.20,2.47
G,MOTHERSON SUMI SYSTEMS LT,       156.50,       153.20,2.15
G,ICICI PRU LIFE INS CO LTD,       477.45,       467.60,2.11
G,TATA CONSUMER PRODUCT LTD,       550.40,       539.25,2.07
G,ADANI TRANSMISSION LTD,       427.80,       419.20,2.05
G,MUTHOOT FINANCE LIMITED,      1179.10,      1155.65,2.03
G,CONTAINER CORP OF IND LTD,       417.60,       409.80,1.9
G,ALKEM LABORATORIES LTD.,      2847.85,      2795.00,1.89
G,SIEMENS LTD,      1534.25,      1506.90,1.81
G,PETRONET LNG LIMITED,       256.05,       252.35,1.47
G,COLGATE PALMOLIVE LTD.,      1538.65,      1519.90,1.23
G,BAJAJ HOLDINGS & INVS LTD,      3142.65,      3104.55,1.23
G,ORACLE FIN SERV SOFT LTD.,      3052.05,      3016.45,1.18
G,BANDHAN BANK LIMITED,       376.60,       372.30,1.15
G,DLF LIMITED,       203.00,       200.85,1.07
G,INDRAPRASTHA GAS LTD,       484.10,       479.30,1
G,PIDILITE INDUSTRIES LTD,      1615.05,      1599.75,0.96
G,AUROBINDO PHARMA LTD,       898.15,       889.95,0.92
 , , , , 
L,L&T INFOTECH LIMITED,      3300.65,      3393.75,-2.74
L,ICICI LOMBARD GIC LIMITED,      1482.10,      1521.55,-2.59
L,BOSCH LIMITED,     13006.70,     13300.90,-2.21
L,INFO EDGE (I) LTD,      4157.75,      4205.00,-1.12
L,GODREJ CONSUMER PRODUCTS,       712.20,       717.90,-0.79
L,TORRENT PHARMACEUTICALS L,      2670.15,      2690.05,-0.74
L,ACC LIMITED,      1718.10,      1729.25,-0.64
L,AMBUJA CEMENTS LTD,       261.10,       262.50,-0.53
L,HAVELLS INDIA LIMITED,       832.30,       836.35,-0.48
L,DABUR INDIA LTD,       501.50,       502.50,-0.2
L,ADANI GREEN ENERGY LTD,      1145.00,      1146.00,-0.09
 , , , , 
 ,OTHER SECURITIES, , , 
 , , , , 
G,SUVEN LIFE SCIENCES LTD,        57.90,        48.25,20
G,SMARTLINK HOLDINGS LTD,       105.30,        87.75,20
G,VINYL CHEMICALS (I) LTD.,       131.15,       109.30,19.99
G,MOLD TEK PACKAGING LTD,        95.25,        79.40,19.96
G,OLECTRA GREENTECH LIMITED,        89.30,        74.45,19.95
G,ADANI POWER LTD,        54.15,        45.15,19.93
G,THE BYKE HOSPITALITY LTD,        17.35,        14.50,19.66
G,SREI INFRASTRUCTURE FINAN,         7.10,         5.95,19.33
G,HINDUSTAN CONSTRUCTION CO,         7.10,         6.00,18.33
G,GEOJIT FINANCIAL SER L,        46.85,        39.90,17.42
G,SEC RED NCD 9.15% SR III,       190.00,       163.00,16.56
G,THE SOUTH INDIAN BANK LTD,         9.20,         7.90,16.46
G,MADHAV COPPER LIMITED,        83.50,        71.95,16.05
G,KABRA EXTRUSION TECHNIK L,        87.95,        77.00,14.22
G,DELTA CORP LIMITED,       152.90,       133.95,14.15
G,SADBHAV ENGINEERING LTD,        61.30,        53.75,14.05
G,COMPUAGE INFOCOM LTD,        17.15,        15.15,13.2
G,JSW ENERGY LIMITED,        70.75,        62.65,12.93
G,KOTHARI SUG & CHEM LTD.,        17.45,        15.50,12.58
G,MT EDUCARE LTD,        12.95,        11.55,12.12
G,BHANDARI HOSIERY EXP LTD,         1.40,         1.25,12
G,PUDUMJEE PAPER PRO. LTD,        22.65,        20.25,11.85
G,RKEC PROJECTS LIMITED,        39.00,        34.90,11.75
G,HINDUSTAN OIL EXPLORATION,        84.85,        76.25,11.28
G,VISAGAR POLYTEX LTD,          .50,          .45,11.11
G,BANG OVERSEAS LTD.,        22.65,        20.40,11.03
G,BOND 8.44% PA TF TII-SIB,      1300.00,      1171.00,11.02
G,PRAKASH PIPES LIMITED,        97.45,        87.80,10.99
G,IFCI LTD,         7.60,         6.85,10.95
G,TOURISM FINANCE CORP. OF,        48.75,        43.95,10.92
 , , , , 
L,TAX FREE 7.07% SR. 102,      1118.06,      1356.00,-17.55
L,UNS RED NCD 8.79% SR.VIII,       701.00,       820.00,-14.51
L,PROSEED INDIA LIMITED,          .35,          .40,-12.5
L,GAYATRI HIGHWAYS LIMITED,          .35,          .40,-12.5
L,VIJI FINANCE LIMITED,          .45,          .50,-10
L,VAKRANGEE LIMITED,        46.10,        51.20,-9.96
L,SEC RED NCD 10.00% SR. VI,       813.98,       900.00,-9.56
L,SUBEX LTD,        28.15,        31.10,-9.49
L,PRADIP OVERSEAS LTD,          .50,          .55,-9.09
L,GAMMON INFRA PROJ LTD.,          .55,          .60,-8.33
L,NILA SPACES LIMITED,         1.20,         1.30,-7.69
L,SUNDARMAMC - M15RG,         6.00,         6.50,-7.69
L,HISAR METAL IND. LIMITED,        85.70,        92.75,-7.6
L,CENTRUM CAPITAL LIMITED,        17.00,        18.35,-7.36
L,HINDUSTAN MEDIA VENT LTD,        52.65,        56.65,-7.06
L,PARIN FURNITURE LIMITED,        70.00,        75.00,-6.67
L,IMPEX FERRO TECH LIMITED,          .70,          .75,-6.67
L,8.51% TAX FREETRI SR2A,      1226.10,      1311.00,-6.48
L,EURO (I) FRESH FOODS LTD,        89.00,        95.00,-6.32
L,SEC RED NCD 8.88% SR. 2B,       328.00,       350.00,-6.29
L,SUPREME INDUSTRIES LTD,      1615.65,      1721.25,-6.14
L,SERENCD 8.89% SR.IV OPII,      1025.05,      1090.00,-5.96
L,BOND 8.51%PA TF TR-I S1B,      5820.00,      6185.10,-5.9
L,SPIC LTD,        21.65,        22.95,-5.66
L,SERENCD8.66%SRIVCIII&IV,       835.08,       884.50,-5.59
L,BKM INDUSTRIES LIMITED,          .85,          .90,-5.56
L,SEC RED NCD 9.57% SR. V,       936.00,       989.99,-5.45
L,BSEL INFRASTRUCTURE REALT,          .90,          .95,-5.26
L,S&S POWER SWITCHGEARS LTD,        10.45,        11.00,-5
L,A AND M JUMBO BAGS LTD,        11.40,        12.00,-5
